,Account ID,Security ID,Quantity,Price,Market Value (USD),Date,ID,Security Master DB: ISIN,Modified,Created,Approval Status,Level,Unique Id,owshiddenversion,Item Type,Effective Permissions Mask,ScopeId,URL Path,Property Bag
0,2;#2,1;#1,46323.61,0.750928090448909,34785.7,31-03-2022,101,1;#AUD/USD,2022-12-20 22:44:04,2022-12-20 22:44:04,0,1,101;#{687E50F7-CAFB-4D87-A3B0-F6DC11E4AC78},1,101;#0,0x7ffffffffffbffff,101;#{B1EDDC57-0D25-449E-8C7B-44E2C6FB31BA},101;#sites/Carret/Lists/Portfolio Report Copy/101_.000,101;#
1,2;#2,368;#368,1284001.19,0.0,163955.65,31-03-2022,102,368;#HKD/USD,2022-12-20 22:44:05,2022-12-20 22:44:05,0,1,102;#{34A2DD18-EDDE-4083-997A-F0AD0CD1A8E4},1,102;#0,0x7ffffffffffbffff,102;#{B1EDDC57-0D25-449E-8C7B-44E2C6FB31BA},102;#sites/Carret/Lists/Portfolio Report Copy/102_.000,102;#
2,2;#2,335;#335,0.01,0.0,0.01,31-03-2022,103,335;#GBP/USD,2022-12-20 22:44:06,2022-12-20 22:44:06,0,1,103;#{FFE5485A-669B-4141-82D4-B764ADCC5980},1,103;#0,0x7ffffffffffbffff,103;#{B1EDDC57-0D25-449E-8C7B-44E2C6FB31BA},103;#sites/Carret/Lists/Portfolio Report Copy/103_.000,103;#
3,2;#2,86;#86,1043612.87,0.0,164397.99,31-03-2022,104,86;#CNY/USD,2022-12-20 22:44:09,2022-12-20 22:44:09,0,1,104;#{ABA5C928-9964-42C3-9BEA-7E2A367B1DA0},1,104;#0,0x7ffffffffffbffff,104;#{B1EDDC57-0D25-449E-8C7B-44E2C6FB31BA},104;#sites/Carret/Lists/Portfolio Report Copy/104_.000,104;#
4,2;#2,603;#603,1394960.78,0.0,1394960.78,31-03-2022,105,603;#USD,2022-12-20 22:44:10,2022-12-20 22:44:10,0,1,105;#{D750E8E0-012A-4F9B-9512-2B84B1CD1D7D},1,105;#0,0x7ffffffffffbffff,105;#{B1EDDC57-0D25-449E-8C7B-44E2C6FB31BA},105;#sites/Carret/Lists/Portfolio Report Copy/105_.000,105;#
5,2;#2,77;#77,24569.75,0.0,26699.42,31-03-2022,106,77;#CHF/USD,2022-12-20 22:44:10,2022-12-20 22:44:10,0,1,106;#{3A40D406-9E42-4A55-BE75-EFD8B614924F},1,106;#0,0x7ffffffffffbffff,106;#{B1EDDC57-0D25-449E-8C7B-44E2C6FB31BA},106;#sites/Carret/Lists/Portfolio Report Copy/106_.000,106;#
6,2;#2,429;#429,171741.0,0.0,1414.96,31-03-2022,107,429;#JPY/USD,2022-12-20 22:44:11,2022-12-20 22:44:11,0,1,107;#{3FDE0BE3-CC70-4A26-9A17-94275543321D},1,107;#0,0x7ffffffffffbffff,107;#{B1EDDC57-0D25-449E-8C7B-44E2C6FB31BA},107;#sites/Carret/Lists/Portfolio Report Copy/107_.000,107;#
7,2;#2,596;#596,527271.23,0.0,389605.75,31-03-2022,108,596;#SGD/USD,2022-12-20 22:44:12,2022-12-20 22:44:12,0,1,108;#{942A11B6-3216-419E-87D2-88F7F50E5F35},1,108;#0,0x7ffffffffffbffff,108;#{B1EDDC57-0D25-449E-8C7B-44E2C6FB31BA},108;#sites/Carret/Lists/Portfolio Report Copy/108_.000,108;#
8,2;#2,603;#603,306715.77,0.0,306715.77,31-03-2022,109,603;#USD,2022-12-20 22:44:12,2022-12-20 22:44:12,0,1,109;#{1696B0C9-7CC2-40BC-AF20-BC7FE684CAF8},1,109;#0,0x7ffffffffffbffff,109;#{B1EDDC57-0D25-449E-8C7B-44E2C6FB31BA},109;#sites/Carret/Lists/Portfolio Report Copy/109_.000,109;#
9,2;#2,345;#345,200000.0,97.85,200061.83,31-03-2022,110,345;#US064159KJ44,2022-12-20 22:44:13,2022-12-20 22:44:13,0,1,110;#{5CF1F615-9424-44E6-B9A9-A342FF958C4F},1,110;#0,0x7ffffffffffbffff,110;#{B1EDDC57-0D25-449E-8C7B-44E2C6FB31BA},110;#sites/Carret/Lists/Portfolio Report Copy/110_.000,110;#
10,2;#2,342;#342,200000.0,100.67,202117.73,31-03-2022,111,342;#XS1662407862,2022-12-20 22:44:15,2022-12-20 22:44:15,0,1,111;#{F23B4D53-1A6C-4D03-BDEA-58563CB2B340},1,111;#0,0x7ffffffffffbffff,111;#{B1EDDC57-0D25-449E-8C7B-44E2C6FB31BA},111;#sites/Carret/Lists/Portfolio Report Copy/111_.000,111;#
11,2;#2,49;#49,200000.0,93.44,191673.06,31-03-2022,112,49;#XS2072777381,2022-12-20 22:44:15,2022-12-20 22:44:15,0,1,112;#{92144296-BF5D-4481-9C9B-035812118D83},1,112;#0,0x7ffffffffffbffff,112;#{B1EDDC57-0D25-449E-8C7B-44E2C6FB31BA},112;#sites/Carret/Lists/Portfolio Report Copy/112_.000,112;#
12,2;#2,347;#347,200000.0,100.06,204028.33,31-03-2022,113,347;#US98105HAF73,2022-12-20 22:44:16,2022-12-20 22:44:16,0,1,113;#{92E74538-93A7-4AE7-90B5-EC1898DE46EB},1,113;#0,0x7ffffffffffbffff,113;#{B1EDDC57-0D25-449E-8C7B-44E2C6FB31BA},113;#sites/Carret/Lists/Portfolio Report Copy/113_.000,113;#
13,2;#2,343;#343,200000.0,99.86,203315.14,31-03-2022,114,343;#XS1598047550,2022-12-20 22:44:16,2022-12-20 22:44:16,0,1,114;#{7E22AB67-CCB0-4A06-A7D9-F30703B98ABB},1,114;#0,0x7ffffffffffbffff,114;#{B1EDDC57-0D25-449E-8C7B-44E2C6FB31BA},114;#sites/Carret/Lists/Portfolio Report Copy/114_.000,114;#
14,2;#2,344;#344,200000.0,8.58,17150.0,31-03-2022,115,344;#XS1328315723,2022-12-20 22:44:17,2022-12-20 22:44:17,0,1,115;#{4E1681B5-C7BE-4C22-8523-1202B0FAF002},1,115;#0,0x7ffffffffffbffff,115;#{B1EDDC57-0D25-449E-8C7B-44E2C6FB31BA},115;#sites/Carret/Lists/Portfolio Report Copy/115_.000,115;#
15,2;#2,346;#346,250000.0,97.88,246770.83,31-03-2022,116,346;#CH0400441280,2022-12-20 22:44:18,2022-12-20 22:44:18,0,1,116;#{15E1152C-D27F-4133-9C59-F82AEE18AA02},1,116;#0,0x7ffffffffffbffff,116;#{B1EDDC57-0D25-449E-8C7B-44E2C6FB31BA},116;#sites/Carret/Lists/Portfolio Report Copy/116_.000,116;#
16,2;#2,341;#341,1.52,111546.38,169550.5,31-03-2022,117,341;#FR0011973684,2022-12-20 22:44:18,2022-12-20 22:44:18,0,1,117;#{B3813DBB-5561-4BA2-819C-E68B912D7B0A},1,117;#0,0x7ffffffffffbffff,117;#{B1EDDC57-0D25-449E-8C7B-44E2C6FB31BA},117;#sites/Carret/Lists/Portfolio Report Copy/117_.000,117;#
17,2;#2,354;#354,46600.0,137.0,192006.08,31-03-2022,118,354;#TH0001010R16,2022-12-20 22:44:19,2022-12-20 22:44:19,0,1,118;#{8AB83AE5-7CBD-40A5-8883-1D0F7DA9E7A1},1,118;#0,0x7ffffffffffbffff,118;#{B1EDDC57-0D25-449E-8C7B-44E2C6FB31BA},118;#sites/Carret/Lists/Portfolio Report Copy/118_.000,118;#
18,2;#2,1549;#1549,185600.0,8.4,46888.44,31-03-2022,119,1549;#TH0869010R16,2022-12-20 22:44:20,2022-12-20 22:44:20,0,1,119;#{47B8BD56-6D34-41C2-87A6-F74D30CEC27E},1,119;#0,0x7ffffffffffbffff,119;#{B1EDDC57-0D25-449E-8C7B-44E2C6FB31BA},119;#sites/Carret/Lists/Portfolio Report Copy/119_.000,119;#
19,2;#2,1543;#1543,400000.0,24.5,294736.94,31-03-2022,120,1543;#TH0101010R14,2022-12-20 22:44:20,2022-12-20 22:44:20,0,1,120;#{A41620DC-FBEE-413F-93F6-2055CDFA98F6},1,120;#0,0x7ffffffffffbffff,120;#{B1EDDC57-0D25-449E-8C7B-44E2C6FB31BA},120;#sites/Carret/Lists/Portfolio Report Copy/120_.000,120;#
20,2;#2,352;#352,298660.0,3.38,128900.53,31-03-2022,121,352;#HK0405033157,2022-12-20 22:44:22,2022-12-20 22:44:22,0,1,121;#{575479B9-C793-4ED2-8A7F-A1853F2BDA1C},1,121;#0,0x7ffffffffffbffff,121;#{B1EDDC57-0D25-449E-8C7B-44E2C6FB31BA},121;#sites/Carret/Lists/Portfolio Report Copy/121_.000,121;#
21,2;#2,309;#309,85713.0,4.99,54614.53,31-03-2022,122,309;#KYG960071028,2022-12-20 22:44:23,2022-12-20 22:44:23,0,1,122;#{70FACA98-6853-452B-9852-694FC4C57E19},1,122;#0,0x7ffffffffffbffff,122;#{B1EDDC57-0D25-449E-8C7B-44E2C6FB31BA},122;#sites/Carret/Lists/Portfolio Report Copy/122_.000,122;#
22,2;#2,339;#339,5200.0,2503.5,107256.02,31-03-2022,123,339;#JP3200450009,2022-12-20 22:44:25,2022-12-20 22:44:25,0,1,123;#{834CF07C-0AD9-4A2B-826C-E3BDD35EDDD9},1,123;#0,0x7ffffffffffbffff,123;#{B1EDDC57-0D25-449E-8C7B-44E2C6FB31BA},123;#sites/Carret/Lists/Portfolio Report Copy/123_.000,123;#
23,2;#2,1541;#1541,17100.0,138.0,70971.45,31-03-2022,124,1541;#TH0001010014,2022-12-20 22:44:28,2022-12-20 22:44:28,0,1,124;#{123D179B-E128-4D54-B9DD-35D91F105438},1,124;#0,0x7ffffffffffbffff,124;#{B1EDDC57-0D25-449E-8C7B-44E2C6FB31BA},124;#sites/Carret/Lists/Portfolio Report Copy/124_.000,124;#
24,2;#2,350;#350,59473.0,3.9,174173.77,31-03-2022,125,350;#AU000000TLS2,2022-12-20 22:44:28,2022-12-20 22:44:28,0,1,125;#{D6B2FEB6-8BBE-48E1-BA2A-A963E7D04054},1,125;#0,0x7ffffffffffbffff,125;#{B1EDDC57-0D25-449E-8C7B-44E2C6FB31BA},125;#sites/Carret/Lists/Portfolio Report Copy/125_.000,125;#
25,2;#2,1544;#1544,10000.0,382.0,114887.26,31-03-2022,126,1544;#TH0003010Z12,2022-12-20 22:44:29,2022-12-20 22:44:29,0,1,126;#{AA684600-7ACC-4A08-A392-443DE7DF4B13},1,126;#0,0x7ffffffffffbffff,126;#{B1EDDC57-0D25-449E-8C7B-44E2C6FB31BA},126;#sites/Carret/Lists/Portfolio Report Copy/126_.000,126;#
26,2;#2,351;#351,35000.0,5.01,230739.42,31-03-2022,127,351;#JE00B4T3BW64,2022-12-20 22:44:30,2022-12-20 22:44:30,0,1,127;#{04A7C13F-D190-42FE-9F9D-7651DD04A78B},1,127;#0,0x7ffffffffffbffff,127;#{B1EDDC57-0D25-449E-8C7B-44E2C6FB31BA},127;#sites/Carret/Lists/Portfolio Report Copy/127_.000,127;#
27,2;#2,1548;#1548,100000.0,24.5,73684.24,31-03-2022,128,1548;#TH0101A10Z19,2022-12-20 22:44:31,2022-12-20 22:44:31,0,1,128;#{F06FC9E4-0735-49B5-BF8E-62BADAB33F02},1,128;#0,0x7ffffffffffbffff,128;#{B1EDDC57-0D25-449E-8C7B-44E2C6FB31BA},128;#sites/Carret/Lists/Portfolio Report Copy/128_.000,128;#
28,2;#2,340;#340,75000.0,2.66,147412.46,31-03-2022,129,340;#SG1T75931496,2022-12-20 22:44:31,2022-12-20 22:44:31,0,1,129;#{F4B4E661-8024-499C-9B02-C7D6E8BEDEF6},1,129;#0,0x7ffffffffffbffff,129;#{B1EDDC57-0D25-449E-8C7B-44E2C6FB31BA},129;#sites/Carret/Lists/Portfolio Report Copy/129_.000,129;#
29,2;#2,349;#349,600000.0,0.02,8110.02,31-03-2022,130,349;#AU000000SW10,2022-12-20 22:44:32,2022-12-20 22:44:32,0,1,130;#{76BC26DE-EB0D-439D-98F4-0AD06763788C},1,130;#0,0x7ffffffffffbffff,130;#{B1EDDC57-0D25-449E-8C7B-44E2C6FB31BA},130;#sites/Carret/Lists/Portfolio Report Copy/130_.000,130;#
30,2;#2,359;#359,200000.0,19.0,114285.75,31-03-2022,131,359;#TH0450010R15,2022-12-20 22:44:34,2022-12-20 22:44:34,0,1,131;#{9F83F95B-E5C0-4436-999C-D9D91B9A54E5},1,131;#0,0x7ffffffffffbffff,131;#{B1EDDC57-0D25-449E-8C7B-44E2C6FB31BA},131;#sites/Carret/Lists/Portfolio Report Copy/131_.000,131;#
31,2;#2,353;#353,200000.0,0.5,73890.96,31-03-2022,132,353;#SG1BH1000008,2022-12-20 22:44:34,2022-12-20 22:44:34,0,1,132;#{0FC28D96-3480-4610-AD3D-A609D080D253},1,132;#0,0x7ffffffffffbffff,132;#{B1EDDC57-0D25-449E-8C7B-44E2C6FB31BA},132;#sites/Carret/Lists/Portfolio Report Copy/132_.000,132;#
32,2;#2,1542;#1542,1409.0,61.0,2584.93,31-03-2022,133,1542;#TH0098010Y13,2022-12-20 22:44:34,2022-12-20 22:44:34,0,1,133;#{BEB27EB8-06BB-40BF-B92D-1AA442D299FD},1,133;#0,0x7ffffffffffbffff,133;#{B1EDDC57-0D25-449E-8C7B-44E2C6FB31BA},133;#sites/Carret/Lists/Portfolio Report Copy/133_.000,133;#
33,2;#2,336;#336,5000.0,81.57,407850.0,31-03-2022,134,336;#XD1132487384,2022-12-20 22:44:35,2022-12-20 22:44:35,0,1,134;#{E705295C-07F1-4DF1-BDD5-7E95B0B960BD},1,134;#0,0x7ffffffffffbffff,134;#{B1EDDC57-0D25-449E-8C7B-44E2C6FB31BA},134;#sites/Carret/Lists/Portfolio Report Copy/134_.000,134;#
34,2;#2,386;#386,300.0,572.54,171763.08,31-03-2022,135,386;#XD0526193244,2022-12-20 22:44:35,2022-12-20 22:44:35,0,1,135;#{46D2F394-CCC0-4832-BD85-EAC10968112F},1,135;#0,0x7ffffffffffbffff,135;#{B1EDDC57-0D25-449E-8C7B-44E2C6FB31BA},135;#sites/Carret/Lists/Portfolio Report Copy/135_.000,135;#
35,2;#2,337;#337,1619.29,196.35,317947.59,31-03-2022,136,337;#SHS-B ENKO AFRIC SERIES 1,2022-12-20 22:44:36,2022-12-20 22:44:36,0,1,136;#{1437317F-8E38-4C0C-9D2A-C1EEA9F9A7FC},1,136;#0,0x7ffffffffffbffff,136;#{B1EDDC57-0D25-449E-8C7B-44E2C6FB31BA},136;#sites/Carret/Lists/Portfolio Report Copy/136_.000,136;#
36,2;#2,1935;#1935,225.39,1126.95,254001.73,31-03-2022,137,1935;#XD1160107920,2022-12-20 22:44:37,2022-12-20 22:44:37,0,1,137;#{0F1FBA3D-6B70-43F1-AA58-245B71D87171},1,137;#0,0x7ffffffffffbffff,137;#{B1EDDC57-0D25-449E-8C7B-44E2C6FB31BA},137;#sites/Carret/Lists/Portfolio Report Copy/137_.000,137;#
37,2;#2,361;#361,1.52,18208.52,27676.95,31-03-2022,138,361;#FR0013536026,2022-12-20 22:44:38,2022-12-20 22:44:38,0,1,138;#{CEB9BEAD-AAE9-4E76-9E30-675D9552F417},1,138;#0,0x7ffffffffffbffff,138;#{B1EDDC57-0D25-449E-8C7B-44E2C6FB31BA},138;#sites/Carret/Lists/Portfolio Report Copy/138_.000,138;#
38,8;#8,368;#368,10263.0,0.0,1310.49,31-03-2022,139,368;#HKD/USD,2022-12-20 22:44:38,2022-12-20 22:44:38,0,1,139;#{AD342504-1217-4B5F-99FD-09F644AF11A9},1,139;#0,0x7ffffffffffbffff,139;#{B1EDDC57-0D25-449E-8C7B-44E2C6FB31BA},139;#sites/Carret/Lists/Portfolio Report Copy/139_.000,139;#
39,8;#8,603;#603,47104.82,0.0,47104.82,31-03-2022,140,603;#USD,2022-12-20 22:44:40,2022-12-20 22:44:40,0,1,140;#{3E6B35D5-CA58-43E7-8950-1D72F69DBDD4},1,140;#0,0x7ffffffffffbffff,140;#{B1EDDC57-0D25-449E-8C7B-44E2C6FB31BA},140;#sites/Carret/Lists/Portfolio Report Copy/140_.000,140;#
40,8;#8,77;#77,11569.01,0.0,12571.79,31-03-2022,141,77;#CHF/USD,2022-12-20 22:44:41,2022-12-20 22:44:41,0,1,141;#{EE26FA46-30B5-4B7A-A8C1-5B929D8F93D9},1,141;#0,0x7ffffffffffbffff,141;#{B1EDDC57-0D25-449E-8C7B-44E2C6FB31BA},141;#sites/Carret/Lists/Portfolio Report Copy/141_.000,141;#
41,8;#8,114;#114,6000.0,82.45,63168.83,31-03-2022,142,114;#HK0000069689,2022-12-20 22:44:43,2022-12-20 22:44:43,0,1,142;#{693B53A9-6297-42D4-8659-9D5A2AD96D6A},1,142;#0,0x7ffffffffffbffff,142;#{B1EDDC57-0D25-449E-8C7B-44E2C6FB31BA},142;#sites/Carret/Lists/Portfolio Report Copy/142_.000,142;#
42,8;#8,125;#125,460.0,174.61,80320.6,31-03-2022,143,125;#US0378331005,2022-12-20 22:44:43,2022-12-20 22:44:43,0,1,143;#{1654345E-6779-4F50-AC98-C761448626A4},1,143;#0,0x7ffffffffffbffff,143;#{B1EDDC57-0D25-449E-8C7B-44E2C6FB31BA},143;#sites/Carret/Lists/Portfolio Report Copy/143_.000,143;#
43,8;#8,133;#133,157.0,115.65,18157.05,31-03-2022,144,133;#US70450Y1038,2022-12-20 22:44:45,2022-12-20 22:44:45,0,1,144;#{39F68023-BF14-412A-A26F-86479A5714A5},1,144;#0,0x7ffffffffffbffff,144;#{B1EDDC57-0D25-449E-8C7B-44E2C6FB31BA},144;#sites/Carret/Lists/Portfolio Report Copy/144_.000,144;#
44,8;#8,578;#578,69.0,357.38,24659.22,31-03-2022,145,578;#US57636Q1040,2022-12-20 22:44:45,2022-12-20 22:44:45,0,1,145;#{E63BA3B2-BCCD-4EB2-94D3-F994EC848475},1,145;#0,0x7ffffffffffbffff,145;#{B1EDDC57-0D25-449E-8C7B-44E2C6FB31BA},145;#sites/Carret/Lists/Portfolio Report Copy/145_.000,145;#
45,8;#8,1351;#1351,250.0,0.0,0.0,31-03-2022,146,1351;#US471ESC0121,2022-12-20 22:44:47,2022-12-20 22:44:47,0,1,146;#{0E60A5F2-0317-47A2-8337-DB391F84F800},1,146;#0,0x7ffffffffffbffff,146;#{B1EDDC57-0D25-449E-8C7B-44E2C6FB31BA},146;#sites/Carret/Lists/Portfolio Report Copy/146_.000,146;#
46,8;#8,518;#518,187.0,222.36,41581.32,31-03-2022,147,518;#US30303M1027,2022-12-20 22:44:47,2022-12-20 22:44:47,0,1,147;#{79FC091F-9525-4FFE-B553-C21187E05E45},1,147;#0,0x7ffffffffffbffff,147;#{B1EDDC57-0D25-449E-8C7B-44E2C6FB31BA},147;#sites/Carret/Lists/Portfolio Report Copy/147_.000,147;#
47,8;#8,73;#73,900.0,371.4,42682.06,31-03-2022,148,73;#HK0388045442,2022-12-20 22:44:47,2022-12-20 22:44:47,0,1,148;#{C0002CE8-BB39-406A-850D-E21AF1C5768D},1,148;#0,0x7ffffffffffbffff,148;#{B1EDDC57-0D25-449E-8C7B-44E2C6FB31BA},148;#sites/Carret/Lists/Portfolio Report Copy/148_.000,148;#
48,8;#8,134;#134,105.0,221.77,23285.85,31-03-2022,149,134;#US92826C8394,2022-12-20 22:44:48,2022-12-20 22:44:48,0,1,149;#{7B7919EA-64FF-4B72-9AC6-E55F0412C5FC},1,149;#0,0x7ffffffffffbffff,149;#{B1EDDC57-0D25-449E-8C7B-44E2C6FB31BA},149;#sites/Carret/Lists/Portfolio Report Copy/149_.000,149;#
49,8;#8,123;#123,26.0,2792.99,72617.74,31-03-2022,150,123;#US02079K1079,2022-12-20 22:44:49,2022-12-20 22:44:49,0,1,150;#{04398724-53C5-49D4-AAB6-442F32293390},1,150;#0,0x7ffffffffffbffff,150;#{B1EDDC57-0D25-449E-8C7B-44E2C6FB31BA},150;#sites/Carret/Lists/Portfolio Report Copy/150_.000,150;#
50,8;#8,577;#577,50000.0,0.0,0.0,31-03-2022,151,577;#KYG211221091,2022-12-20 22:44:49,2022-12-20 22:44:49,0,1,151;#{D550252A-0A01-438B-ADBC-6F716E56ADD2},1,151;#0,0x7ffffffffffbffff,151;#{B1EDDC57-0D25-449E-8C7B-44E2C6FB31BA},151;#sites/Carret/Lists/Portfolio Report Copy/151_.000,151;#
51,8;#8,121;#121,50.0,751.8,37590.0,31-03-2022,152,121;#LU1683285164,2022-12-20 22:44:51,2022-12-20 22:44:51,0,1,152;#{23204A8B-03A7-4855-A6BC-DCAC561BD507},1,152;#0,0x7ffffffffffbffff,152;#{B1EDDC57-0D25-449E-8C7B-44E2C6FB31BA},152;#sites/Carret/Lists/Portfolio Report Copy/152_.000,152;#
52,8;#8,575;#575,980.0,40.46,44112.01,31-03-2022,153,575;#IE00BM67HN09,2022-12-20 22:44:52,2022-12-20 22:44:52,0,1,153;#{FCDC4FEC-9F28-4958-AC57-9EBDB42AE349},1,153;#0,0x7ffffffffffbffff,153;#{B1EDDC57-0D25-449E-8C7B-44E2C6FB31BA},153;#sites/Carret/Lists/Portfolio Report Copy/153_.000,153;#
53,8;#8,579;#579,3380.0,14.6,49348.0,31-03-2022,154,579;#IE00BLLXGV72,2022-12-20 22:44:52,2022-12-20 22:44:52,0,1,154;#{C8B4D0E3-4A3C-41F6-89B2-9C74422516CB},1,154;#0,0x7ffffffffffbffff,154;#{B1EDDC57-0D25-449E-8C7B-44E2C6FB31BA},154;#sites/Carret/Lists/Portfolio Report Copy/154_.000,154;#
54,8;#8,574;#574,1050.0,48.23,56340.42,31-03-2022,155,574;#IE00BM67HP23,2022-12-20 22:44:54,2022-12-20 22:44:54,0,1,155;#{B01AC0F9-4D7B-4D11-9BD9-446153BE61EA},1,155;#0,0x7ffffffffffbffff,155;#{B1EDDC57-0D25-449E-8C7B-44E2C6FB31BA},155;#sites/Carret/Lists/Portfolio Report Copy/155_.000,155;#
55,8;#8,130;#130,1440.0,60.96,87782.4,31-03-2022,156,130;#US4642888105,2022-12-20 22:44:54,2022-12-20 22:44:54,0,1,156;#{2631EBF7-FEEE-474C-942B-25DAC8E85D94},1,156;#0,0x7ffffffffffbffff,156;#{B1EDDC57-0D25-449E-8C7B-44E2C6FB31BA},156;#sites/Carret/Lists/Portfolio Report Copy/156_.000,156;#
56,8;#8,129;#129,165.0,130.3,21499.5,31-03-2022,157,129;#US4642875565,2022-12-20 22:44:55,2022-12-20 22:44:55,0,1,157;#{6ACF5840-35FA-4C54-A719-23A286BE187B},1,157;#0,0x7ffffffffffbffff,157;#{B1EDDC57-0D25-449E-8C7B-44E2C6FB31BA},157;#sites/Carret/Lists/Portfolio Report Copy/157_.000,157;#
57,8;#8,131;#131,220.0,282.89,62235.8,31-03-2022,158,131;#US4642888287,2022-12-20 22:44:57,2022-12-20 22:44:57,0,1,158;#{6AA690ED-7896-4A35-97FE-9FCB4008FD32},1,158;#0,0x7ffffffffffbffff,158;#{B1EDDC57-0D25-449E-8C7B-44E2C6FB31BA},158;#sites/Carret/Lists/Portfolio Report Copy/158_.000,158;#
58,8;#8,573;#573,2690.0,16.66,49875.83,31-03-2022,159,573;#IE00BM67HR47,2022-12-20 22:44:58,2022-12-20 22:44:58,0,1,159;#{31B4CDC1-0046-4504-82D8-DDEE1095CE30},1,159;#0,0x7ffffffffffbffff,159;#{B1EDDC57-0D25-449E-8C7B-44E2C6FB31BA},159;#sites/Carret/Lists/Portfolio Report Copy/159_.000,159;#
59,8;#8,128;#128,230.0,161.1,37053.0,31-03-2022,160,128;#US46138E1495,2022-12-20 22:44:59,2022-12-20 22:44:59,0,1,160;#{DA014E92-212D-4424-9BEF-A9E1D9920C6B},1,160;#0,0x7ffffffffffbffff,160;#{B1EDDC57-0D25-449E-8C7B-44E2C6FB31BA},160;#sites/Carret/Lists/Portfolio Report Copy/160_.000,160;#
60,8;#8,1268;#1268,7530.0,14.29,107592.41,31-03-2022,161,1268;#IE00BG7P3111,2022-12-20 22:45:00,2022-12-20 22:45:00,0,1,161;#{AEE64A8C-7E56-4B38-9ACF-1CD27CA01635},1,161;#0,0x7ffffffffffbffff,161;#{B1EDDC57-0D25-449E-8C7B-44E2C6FB31BA},161;#sites/Carret/Lists/Portfolio Report Copy/161_.000,161;#
61,8;#8,576;#576,1140.0,55.53,70435.42,31-03-2022,162,576;#IE00BM67HT60,2022-12-20 22:45:00,2022-12-20 22:45:00,0,1,162;#{740162AA-37F0-41FF-ABCA-B6615545F330},1,162;#0,0x7ffffffffffbffff,162;#{B1EDDC57-0D25-449E-8C7B-44E2C6FB31BA},162;#sites/Carret/Lists/Portfolio Report Copy/162_.000,162;#
62,8;#8,582;#582,413.4,458.34,189474.36,31-03-2022,163,582;#IE00B64B9H05,2022-12-20 22:45:01,2022-12-20 22:45:01,0,1,163;#{80B877FA-6C4C-4D01-AE1B-FD3EE9165AF0},1,163;#0,0x7ffffffffffbffff,163;#{B1EDDC57-0D25-449E-8C7B-44E2C6FB31BA},163;#sites/Carret/Lists/Portfolio Report Copy/163_.000,163;#
63,8;#8,1876;#1876,144.63,1037.16,150000.01,31-03-2022,164,1876;#XD1148232758,2022-12-20 22:45:03,2022-12-20 22:45:03,0,1,164;#{10E896BA-6C81-4EC9-8025-636C679DABFB},1,164;#0,0x7ffffffffffbffff,164;#{B1EDDC57-0D25-449E-8C7B-44E2C6FB31BA},164;#sites/Carret/Lists/Portfolio Report Copy/164_.000,164;#
64,8;#8,386;#386,100.0,572.54,57254.36,31-03-2022,165,386;#XD0526193244,2022-12-20 22:45:04,2022-12-20 22:45:04,0,1,165;#{60FEC729-C6D7-4E4F-86A7-B58ECBE0D32C},1,165;#0,0x7ffffffffffbffff,165;#{B1EDDC57-0D25-449E-8C7B-44E2C6FB31BA},165;#sites/Carret/Lists/Portfolio Report Copy/165_.000,165;#
65,8;#8,580;#580,985.51,104.5,102986.11,31-03-2022,166,580;#VGG0395J6667,2022-12-20 22:45:05,2022-12-20 22:45:05,0,1,166;#{184B91FE-CDBC-41ED-9852-28A89D19C952},1,166;#0,0x7ffffffffffbffff,166;#{B1EDDC57-0D25-449E-8C7B-44E2C6FB31BA},166;#sites/Carret/Lists/Portfolio Report Copy/166_.000,166;#
66,8;#8,498;#498,998.7,103.64,103505.48,31-03-2022,167,498;#VGG0395J6337,2022-12-20 22:45:05,2022-12-20 22:45:05,0,1,167;#{07B2AEC4-08AD-444A-B7C8-7CFB4849D6BE},1,167;#0,0x7ffffffffffbffff,167;#{B1EDDC57-0D25-449E-8C7B-44E2C6FB31BA},167;#sites/Carret/Lists/Portfolio Report Copy/167_.000,167;#
67,8;#8,385;#385,1987.28,40.37,80236.34,31-03-2022,168,385;#KYG7322A1307,2022-12-20 22:45:06,2022-12-20 22:45:06,0,1,168;#{32AFB25D-4310-484B-8BA3-C90367E928D5},1,168;#0,0x7ffffffffffbffff,168;#{B1EDDC57-0D25-449E-8C7B-44E2C6FB31BA},168;#sites/Carret/Lists/Portfolio Report Copy/168_.000,168;#
68,8;#8,501;#501,905.06,143.3,129695.1,31-03-2022,169,501;#VGG0395J2112,2022-12-20 22:45:07,2022-12-20 22:45:07,0,1,169;#{4F039B80-A859-49CA-AE08-2ACBC0E4C8C2},1,169;#0,0x7ffffffffffbffff,169;#{B1EDDC57-0D25-449E-8C7B-44E2C6FB31BA},169;#sites/Carret/Lists/Portfolio Report Copy/169_.000,169;#
69,8;#8,2070;#2070,61.17,2136.84,130703.4,31-03-2022,170,2070;#XD1100963200,2022-12-20 22:45:08,2022-12-20 22:45:08,0,1,170;#{B6FDD2A5-A6BA-4A80-9E78-3B04A8C7F12C},1,170;#0,0x7ffffffffffbffff,170;#{B1EDDC57-0D25-449E-8C7B-44E2C6FB31BA},170;#sites/Carret/Lists/Portfolio Report Copy/170_.000,170;#
70,11;#11,368;#368,14810604.33,0.0,1891183.78,31-03-2022,171,368;#HKD/USD,2022-12-20 22:45:10,2022-12-20 22:45:10,0,1,171;#{34AD80E1-6DA9-409A-BA43-73C2A6AF1644},1,171;#0,0x7ffffffffffbffff,171;#{B1EDDC57-0D25-449E-8C7B-44E2C6FB31BA},171;#sites/Carret/Lists/Portfolio Report Copy/171_.000,171;#
71,11;#11,603;#603,4133409.41,0.0,4133409.41,31-03-2022,172,603;#USD,2022-12-20 22:45:10,2022-12-20 22:45:10,0,1,172;#{8CBC3A8E-DDE7-49B8-811D-E8365FBCEDEC},1,172;#0,0x7ffffffffffbffff,172;#{B1EDDC57-0D25-449E-8C7B-44E2C6FB31BA},172;#sites/Carret/Lists/Portfolio Report Copy/172_.000,172;#
72,11;#11,1323;#1323,6099.0,2781.35,16963453.65,31-03-2022,173,1323;#US02079K3059,2022-12-20 22:45:11,2022-12-20 22:45:11,0,1,173;#{644513C2-6644-44C7-B453-2AC529F10167},1,173;#0,0x7ffffffffffbffff,173;#{B1EDDC57-0D25-449E-8C7B-44E2C6FB31BA},173;#sites/Carret/Lists/Portfolio Report Copy/173_.000,173;#
73,11;#11,14;#14,50328.0,234.0,1503787.54,31-03-2022,174,14;#KYG8208B1014,2022-12-20 22:45:12,2022-12-20 22:45:12,0,1,174;#{1E597640-34C3-4BF1-92A7-E0A3B177569A},1,174;#0,0x7ffffffffffbffff,174;#{B1EDDC57-0D25-449E-8C7B-44E2C6FB31BA},174;#sites/Carret/Lists/Portfolio Report Copy/174_.000,174;#
74,11;#11,16;#16,1556890.0,374.2,74391388.71,31-03-2022,175,16;#KYG875721634,2022-12-20 22:45:13,2022-12-20 22:45:13,0,1,175;#{1E5DF147-61E4-4835-9367-00972080F694},1,175;#0,0x7ffffffffffbffff,175;#{B1EDDC57-0D25-449E-8C7B-44E2C6FB31BA},175;#sites/Carret/Lists/Portfolio Report Copy/175_.000,175;#
75,11;#11,35;#35,231955.0,57.87,13423235.85,31-03-2022,176,35;#US47215P1066,2022-12-20 22:45:14,2022-12-20 22:45:14,0,1,176;#{FCB3CA23-82BC-49D0-9F6E-E033A6361D94},1,176;#0,0x7ffffffffffbffff,176;#{B1EDDC57-0D25-449E-8C7B-44E2C6FB31BA},176;#sites/Carret/Lists/Portfolio Report Copy/176_.000,176;#
76,12;#12,368;#368,46396562.83,0.0,5924432.58,31-03-2022,177,368;#HKD/USD,2022-12-20 22:45:15,2022-12-20 22:45:15,0,1,177;#{D473DAFD-526F-4C9C-AEA5-737A5CBB1713},1,177;#0,0x7ffffffffffbffff,177;#{B1EDDC57-0D25-449E-8C7B-44E2C6FB31BA},177;#sites/Carret/Lists/Portfolio Report Copy/177_.000,177;#
77,12;#12,62;#62,3700000.0,155.6,73514375.19,31-03-2022,178,62;#KYG596691041,2022-12-20 22:45:16,2022-12-20 22:45:16,0,1,178;#{E287A33A-6F87-4B91-95E6-9D2450FC7447},1,178;#0,0x7ffffffffffbffff,178;#{B1EDDC57-0D25-449E-8C7B-44E2C6FB31BA},178;#sites/Carret/Lists/Portfolio Report Copy/178_.000,178;#
78,12;#12,16;#16,3100000.0,374.2,148124340.8,31-03-2022,179,16;#KYG875721634,2022-12-20 22:45:18,2022-12-20 22:45:18,0,1,179;#{856FF3EA-B6A5-4D2F-9B81-EB076E35ADF1},1,179;#0,0x7ffffffffffbffff,179;#{B1EDDC57-0D25-449E-8C7B-44E2C6FB31BA},179;#sites/Carret/Lists/Portfolio Report Copy/179_.000,179;#
79,12;#12,14;#14,266667.0,234.0,7967940.57,31-03-2022,180,14;#KYG8208B1014,2022-12-20 22:45:17,2022-12-20 22:45:17,0,1,180;#{57F0B040-13D8-4530-A052-AD95ACA7ED2E},1,180;#0,0x7ffffffffffbffff,180;#{B1EDDC57-0D25-449E-8C7B-44E2C6FB31BA},180;#sites/Carret/Lists/Portfolio Report Copy/180_.000,180;#
80,9;#9,429;#429,112676340.0,0.0,928332.32,31-03-2022,181,429;#JPY/USD,2022-12-20 22:45:19,2022-12-20 22:45:19,0,1,181;#{5764CBF2-0AC4-4B69-B6A8-75D83049AC7B},1,181;#0,0x7ffffffffffbffff,181;#{B1EDDC57-0D25-449E-8C7B-44E2C6FB31BA},181;#sites/Carret/Lists/Portfolio Report Copy/181_.000,181;#
81,9;#9,368;#368,8290945.06,0.0,1058680.69,31-03-2022,182,368;#HKD/USD,2022-12-20 22:45:19,2022-12-20 22:45:19,0,1,182;#{5D342DE6-6648-49B8-BAB6-822A5E51A389},1,182;#0,0x7ffffffffffbffff,182;#{B1EDDC57-0D25-449E-8C7B-44E2C6FB31BA},182;#sites/Carret/Lists/Portfolio Report Copy/182_.000,182;#
82,9;#9,335;#335,22409.99,0.0,29506.51,31-03-2022,183,335;#GBP/USD,2022-12-20 22:45:20,2022-12-20 22:45:20,0,1,183;#{6A528944-8E69-45C0-B1E0-AABA29980866},1,183;#0,0x7ffffffffffbffff,183;#{B1EDDC57-0D25-449E-8C7B-44E2C6FB31BA},183;#sites/Carret/Lists/Portfolio Report Copy/183_.000,183;#
83,9;#9,77;#77,109866.36,0.0,119389.4,31-03-2022,184,77;#CHF/USD,2022-12-20 22:45:21,2022-12-20 22:45:21,0,1,184;#{FACEB7F9-A5AE-4660-A2D3-E97CF73BA8A5},1,184;#0,0x7ffffffffffbffff,184;#{B1EDDC57-0D25-449E-8C7B-44E2C6FB31BA},184;#sites/Carret/Lists/Portfolio Report Copy/184_.000,184;#
84,9;#9,603;#603,63.27,0.0,63.27,31-03-2022,185,603;#USD,2022-12-20 22:45:22,2022-12-20 22:45:22,0,1,185;#{2DC28176-D56B-48AB-A4C4-71FDD53EA2D7},1,185;#0,0x7ffffffffffbffff,185;#{B1EDDC57-0D25-449E-8C7B-44E2C6FB31BA},185;#sites/Carret/Lists/Portfolio Report Copy/185_.000,185;#
85,9;#9,1;#1,55927.38,0.0,41997.43,31-03-2022,186,1;#AUD/USD,2022-12-20 22:45:22,2022-12-20 22:45:22,0,1,186;#{47930009-51CD-4291-9D79-86D03A61EAE3},1,186;#0,0x7ffffffffffbffff,186;#{B1EDDC57-0D25-449E-8C7B-44E2C6FB31BA},186;#sites/Carret/Lists/Portfolio Report Copy/186_.000,186;#
86,9;#9,596;#596,605871.53,0.0,447684.26,31-03-2022,187,596;#SGD/USD,2022-12-20 22:45:24,2022-12-20 22:45:24,0,1,187;#{4B51EF3B-4CEE-4C2B-B3CF-E0A1C8F61B5E},1,187;#0,0x7ffffffffffbffff,187;#{B1EDDC57-0D25-449E-8C7B-44E2C6FB31BA},187;#sites/Carret/Lists/Portfolio Report Copy/187_.000,187;#
87,9;#9,603;#603,1487235.94,0.0,1487235.94,31-03-2022,188,603;#USD,2022-12-20 22:45:26,2022-12-20 22:45:26,0,1,188;#{15031CD5-117E-4FE0-A0D8-59BDBF476A4B},1,188;#0,0x7ffffffffffbffff,188;#{B1EDDC57-0D25-449E-8C7B-44E2C6FB31BA},188;#sites/Carret/Lists/Portfolio Report Copy/188_.000,188;#
88,9;#9,369;#369,200000.0,99.33,201196.72,31-03-2022,189,369;#XS2027359756,2022-12-20 22:45:27,2022-12-20 22:45:27,0,1,189;#{E2108478-3CC1-4C6F-A193-418A772DC1E1},1,189;#0,0x7ffffffffffbffff,189;#{B1EDDC57-0D25-449E-8C7B-44E2C6FB31BA},189;#sites/Carret/Lists/Portfolio Report Copy/189_.000,189;#
89,9;#9,359;#359,400000.0,19.0,228571.51,31-03-2022,190,359;#TH0450010R15,2022-12-20 22:45:28,2022-12-20 22:45:28,0,1,190;#{429C46F9-6122-4B56-8D92-3EA2A187A038},1,190;#0,0x7ffffffffffbffff,190;#{B1EDDC57-0D25-449E-8C7B-44E2C6FB31BA},190;#sites/Carret/Lists/Portfolio Report Copy/190_.000,190;#
90,9;#9,352;#352,597320.0,3.38,257801.07,31-03-2022,191,352;#HK0405033157,2022-12-20 22:45:29,2022-12-20 22:45:29,0,1,191;#{C919C2DF-E80B-4C36-9655-90103A611F49},1,191;#0,0x7ffffffffffbffff,191;#{B1EDDC57-0D25-449E-8C7B-44E2C6FB31BA},191;#sites/Carret/Lists/Portfolio Report Copy/191_.000,191;#
91,9;#9,378;#378,308000.0,0.71,161584.74,31-03-2022,192,378;#TH0902010014,2022-12-20 22:45:30,2022-12-20 22:45:30,0,1,192;#{20B2EB06-47A7-44D7-8D39-66204B1343D7},1,192;#0,0x7ffffffffffbffff,192;#{B1EDDC57-0D25-449E-8C7B-44E2C6FB31BA},192;#sites/Carret/Lists/Portfolio Report Copy/192_.000,192;#
92,9;#9,276;#276,20796.0,12.45,191311.22,31-03-2022,193,276;#SG1S04926220,2022-12-20 22:45:30,2022-12-20 22:45:30,0,1,193;#{D6F3C584-48D0-45B1-B1DC-41976EB0CCB8},1,193;#0,0x7ffffffffffbffff,193;#{B1EDDC57-0D25-449E-8C7B-44E2C6FB31BA},193;#sites/Carret/Lists/Portfolio Report Copy/193_.000,193;#
93,9;#9,354;#354,62000.0,137.0,255458.73,31-03-2022,194,354;#TH0001010R16,2022-12-20 22:45:32,2022-12-20 22:45:32,0,1,194;#{2FF7DBE2-D06B-46E8-B962-53890CF03D19},1,194;#0,0x7ffffffffffbffff,194;#{B1EDDC57-0D25-449E-8C7B-44E2C6FB31BA},194;#sites/Carret/Lists/Portfolio Report Copy/194_.000,194;#
94,9;#9,106;#106,181474.0,1.87,250753.67,31-03-2022,195,106;#SG1S03926213,2022-12-20 22:45:32,2022-12-20 22:45:32,0,1,195;#{554E90AE-167F-4111-B1A7-D4206562BBF9},1,195;#0,0x7ffffffffffbffff,195;#{B1EDDC57-0D25-449E-8C7B-44E2C6FB31BA},195;#sites/Carret/Lists/Portfolio Report Copy/195_.000,195;#
95,9;#9,1543;#1543,500000.0,24.5,368421.18,31-03-2022,196,1543;#TH0101010R14,2022-12-20 22:45:34,2022-12-20 22:45:34,0,1,196;#{ABF93F4C-97E3-4EA6-9339-8D7C70EDAFC8},1,196;#0,0x7ffffffffffbffff,196;#{B1EDDC57-0D25-449E-8C7B-44E2C6FB31BA},196;#sites/Carret/Lists/Portfolio Report Copy/196_.000,196;#
96,9;#9,379;#379,26900.0,32.31,642215.11,31-03-2022,197,379;#SG1M31001969,2022-12-20 22:45:34,2022-12-20 22:45:34,0,1,197;#{FA87CA5F-7554-4052-B9B4-AD0D868E6A35},1,197;#0,0x7ffffffffffbffff,197;#{B1EDDC57-0D25-449E-8C7B-44E2C6FB31BA},197;#sites/Carret/Lists/Portfolio Report Copy/197_.000,197;#
97,9;#9,1544;#1544,20000.0,382.0,229774.51,31-03-2022,198,1544;#TH0003010Z12,2022-12-20 22:45:34,2022-12-20 22:45:34,0,1,198;#{5F5911B5-CEAA-4CCF-BABC-9F80A6C10A0A},1,198;#0,0x7ffffffffffbffff,198;#{B1EDDC57-0D25-449E-8C7B-44E2C6FB31BA},198;#sites/Carret/Lists/Portfolio Report Copy/198_.000,198;#
98,9;#9,1542;#1542,2819.0,61.0,5171.7,31-03-2022,199,1542;#TH0098010Y13,2022-12-20 22:45:36,2022-12-20 22:45:36,0,1,199;#{0C0C70D5-5BF2-43D2-9646-B0522D522B3D},1,199;#0,0x7ffffffffffbffff,199;#{B1EDDC57-0D25-449E-8C7B-44E2C6FB31BA},199;#sites/Carret/Lists/Portfolio Report Copy/199_.000,199;#
99,9;#9,309;#309,214476.0,4.99,136659.62,31-03-2022,200,309;#KYG960071028,2022-12-20 22:45:36,2022-12-20 22:45:36,0,1,200;#{11FDDDCA-F1B0-4E47-9149-57B3F9DA055C},1,200;#0,0x7ffffffffffbffff,200;#{B1EDDC57-0D25-449E-8C7B-44E2C6FB31BA},200;#sites/Carret/Lists/Portfolio Report Copy/200_.000,200;#
